title,url
Big Bet on Natural Gas Venture Promises to Pay Off,https://www.thereporterethiopia.com/51077/
"AU, IGAD Urge Calm as Mogadishu Descends into Chaos over Presidential Term Extension",https://www.thereporterethiopia.com/51074/
"IDPs, Military Personnel Slated to Vote on June 9: NEBE",https://www.thereporterethiopia.com/51071/
Addis Ababa Permits Auditors to Probe Public Assets Retroactively,https://www.thereporterethiopia.com/51068/
Investors Ready to Litigate over Ethiopia’s Unsettled Eurobond Debt,https://www.thereporterethiopia.com/50996/
Foreign Minister Calls on Africa to Adapt to Evolving Geopolitical Landscape,https://www.thereporterethiopia.com/50994/
"IMF Reaches Staff-Level Deal on Ethiopia Review, Paving Way for USD 468mln Disbursement",https://www.thereporterethiopia.com/50986/
"IDPs, Military Personnel Slated to Vote on June 9: NEBE",https://www.thereporterethiopia.com/51071/
"EZEMA Slams Opposition Over Election Oversight, Accuses Board of Favoring Ruling Party",https://www.thereporterethiopia.com/51059/
"Forty Springs, One City in Transition",https://www.thereporterethiopia.com/51043/
Ethiopia Elections 2026: A Triumph of Civic Participation Over Skepticism,https://www.thereporterethiopia.com/51017/
NEBE Sets Deadline for Parties to File Detailed Grievances,https://www.thereporterethiopia.com/51085/
Ethiopia Appoints Lemlem Fiseha as Ambassador to African Union,https://www.thereporterethiopia.com/51007/
Instant Payment Platform Tops One Million Daily Transactions: EthSwitch,https://www.thereporterethiopia.com/50991/
"AU, IGAD Observers Publish Conflicting Reports on Ethiopia’s Vote",https://www.thereporterethiopia.com/50983/
Bangladesh Foreign Minister Elected President of UNGA Ahead of Secretary-General Selection,https://www.thereporterethiopia.com/50977/
Washington Keen to Expand Ties to Somaliland,https://www.thereporterethiopia.com/50958/
Security Issues Keep 143 Polling Stations Closed,https://www.thereporterethiopia.com/50955/
Stable Conditions Mark Eve of Seventh National Vote,https://www.thereporterethiopia.com/50952/
Ethiopia Formally Pledges Equal Treatment in Ongoing Debt Restructuring Talks,https://www.thereporterethiopia.com/50878/
"Ethiopia Approves Sweeping Economic, Social Policy Measures",https://www.thereporterethiopia.com/50875/
"Red Sea Rapprochements, Shifting US Priorities, and Ethiopia’s Outlook",https://www.thereporterethiopia.com/50501/
From Conflict to Cohesion: How Transformative Dialogue is Paving the Way for Lasting Peace in East Africa,https://www.thereporterethiopia.com/50494/
AU Designates Jakaya Kikwete as High Representative in Horn and Red Sea,https://www.thereporterethiopia.com/49878/
Ethiopia Formally Pledges Equal Treatment in Ongoing Debt Restructuring Talks,https://www.thereporterethiopia.com/50878/
"Ethiopia Approves Sweeping Economic, Social Policy Measures",https://www.thereporterethiopia.com/50875/
Cabinet Approves Agribusiness Companies Proclamation to Modernize Farming Sector,https://www.thereporterethiopia.com/50872/
"Ethiopia Approves New Foreign Loans for Pastoralist, Safety-Net Programs",https://www.thereporterethiopia.com/50870/
Ethiopia Advances Carbon Market Law to Attract Green Investment,https://www.thereporterethiopia.com/50868/
Cabinet Moves to Overhaul Tax Administration System,https://www.thereporterethiopia.com/50863/
Ethiopia Ends CBE Monopoly on China-Bound Export Permits,https://www.thereporterethiopia.com/50856/
Pan-African Campaign Seeks to Recast Africa’s Global Image,https://www.thereporterethiopia.com/50853/
"Central Bank Revises FX Directive, Loosens Trade Finance Controls",https://www.thereporterethiopia.com/50848/
Banks’ demand for central bank’s forex auction doubles,https://www.thereporterethiopia.com/50772/
"“Ethiopia needs third telecom operator, invest USD5bln to triple towers”: Andualem Admassie (PhD)",https://www.thereporterethiopia.com/50768/
Defendants in 1.9bln Birr Fintech Fraud Scheme Granted Bail,https://www.thereporterethiopia.com/50649/
"Coalition Spotlights Security Failures, Accessibility Shortcomings in Voter Registration Process",https://www.thereporterethiopia.com/50576/
Tigray Leadership Crisis Threatens Return to Conflict,https://www.thereporterethiopia.com/50572/
"Ethiopia Accuses Sudanese Military of Backing TPLF, Territorial Violations",https://www.thereporterethiopia.com/50569/
Matiyas Getachew Appointed to Lead Dashen Breweries,https://www.thereporterethiopia.com/50454/
NEBE Sets Deadline for Parties to File Detailed Grievances,https://www.thereporterethiopia.com/51085/
A Culture of Coexistence Imperiled: Addressing the Violations in Arsi Zone,https://www.thereporterethiopia.com/51065/
"EZEMA Slams Opposition Over Election Oversight, Accuses Board of Favoring Ruling Party",https://www.thereporterethiopia.com/51059/
Drug Authority Enforces Stricter Rules Against Prescription Medicine Abuse,https://www.thereporterethiopia.com/51056/
Draft Proclamation to Introduce Centralized Framework for Forest Carbon Rights,https://www.thereporterethiopia.com/51049/
"Somaliland’s Top Diplomat Talks Recognition, Port Deal, and Investment",https://www.thereporterethiopia.com/51046/
"Forty Springs, One City in Transition",https://www.thereporterethiopia.com/51043/
"The Show Goes On: Empty Seats, Enduring Passion",https://www.thereporterethiopia.com/51040/
Rawuda Ali laments Ethiopia U-17 Women’s absence from CECAFA Championship,https://www.thereporterethiopia.com/51036/
Nordic Partners Back Ethiopia’s EV Ambitions Ahead of COP32,https://www.thereporterethiopia.com/51052/
Foreign Minister Calls on Africa to Adapt to Evolving Geopolitical Landscape,https://www.thereporterethiopia.com/50994/
From Dawn Prayers to Shared Meals,https://www.thereporterethiopia.com/50898/
Instant Payment Platform Tops One Million Daily Transactions: EthSwitch,https://www.thereporterethiopia.com/50991/
"Somaliland’s Top Diplomat Talks Recognition, Port Deal, and Investment",https://www.thereporterethiopia.com/51046/
"The Show Goes On: Empty Seats, Enduring Passion",https://www.thereporterethiopia.com/51040/
Ethiopia Appoints Lemlem Fiseha as Ambassador to African Union,https://www.thereporterethiopia.com/51007/
"“Our Only Question is Development”: President Mustafe Omer’s Optimistic Take on Security, Investment, and Elections",https://www.thereporterethiopia.com/50532/
Investors Ready to Litigate over Ethiopia’s Unsettled Eurobond Debt,https://www.thereporterethiopia.com/50996/
Washington Keen to Expand Ties to Somaliland,https://www.thereporterethiopia.com/50958/
Investors Ready to Litigate over Ethiopia’s Unsettled Eurobond Debt,https://www.thereporterethiopia.com/50996/
Africa’s USD 1.9tln Debt Burden Deepens as AfDB Warns Weak Tax Systems Costing Continent Billions,https://www.thereporterethiopia.com/50918/
"Ethiopia Lowers Entry Barriers in Logistics Sector, Cuts Capital Requirements",https://www.thereporterethiopia.com/50909/
Ethiopia’s Shareholder Base “Not Even Half a Million” ECMA Warns,https://www.thereporterethiopia.com/50380/
"Lease Income, Forex Gains Reverse Losses at Industrial Parks Corp",https://www.thereporterethiopia.com/50185/
"The Show Goes On: Empty Seats, Enduring Passion",https://www.thereporterethiopia.com/51040/
From Dawn Prayers to Shared Meals,https://www.thereporterethiopia.com/50898/
Wub Addis II: Painting a Vanishing City,https://www.thereporterethiopia.com/50804/
"EZEMA Slams Opposition Over Election Oversight, Accuses Board of Favoring Ruling Party",https://www.thereporterethiopia.com/51059/
BRICS Foreign Ministers Emphasize Red Sea Security at New Delhi Meeting,https://www.thereporterethiopia.com/50735/
Ethiopia Introduces Revocable and Conditional Pardons Under New Federal Directive,https://www.thereporterethiopia.com/50620/
Trump Administration Mandates ‘Partner-Led’ Counterterrorism Framework for East Africa,https://www.thereporterethiopia.com/50615/
Rights Group Warns of Imminent Execution Risk of Ethiopian Migrants in Saudi Arabia,https://www.thereporterethiopia.com/50516/
A Culture of Coexistence Imperiled: Addressing the Violations in Arsi Zone,https://www.thereporterethiopia.com/51065/
An Imperfect Vote: A Critical Test for Ethiopia,https://www.thereporterethiopia.com/50921/
A Nation Under Strain: Ethiopia’s Mounting Cost-of-Living Emergency,https://www.thereporterethiopia.com/50823/
Standing Firm on Core National Interests,https://www.thereporterethiopia.com/50737/
"Somaliland’s Top Diplomat Talks Recognition, Port Deal, and Investment",https://www.thereporterethiopia.com/51046/
Germany Stands Ready to Back Ethiopia’s COP32 Preparations,https://www.thereporterethiopia.com/50906/
On the Frontlines in the Fight Against Wildlife Trafficking,https://www.thereporterethiopia.com/50902/
"The Horn: Walking a Tightrope between Own, External Interests",https://www.thereporterethiopia.com/50813/
Shifting Tides in the Horn: Israel’s Deputy Ambassador on Somaliland Recognition and Red Sea Security,https://www.thereporterethiopia.com/50711/
Is it the right time to lift the sanction on the Eritrean regime?,https://www.thereporterethiopia.com/50893/
"Ethiopia Is Open for Business, and the Time to Act Is Now",https://www.thereporterethiopia.com/50891/
Ethiopia Should Decriminalise Online Defamation and Rely on Civil Remedies,https://www.thereporterethiopia.com/50887/
Landlocked but Central: Ethiopia and the Return of Corridor Geopolitics,https://www.thereporterethiopia.com/50883/
Ethiopia Must Regulate Deepfakes Before Public Trust Collapses,https://www.thereporterethiopia.com/50796/
Africa–Asia Development Divergence,https://www.thereporterethiopia.com/50794/
Strengthening Families: Lessons from Decades of Alternative Care in Ethiopia,https://www.thereporterethiopia.com/50786/
Ethiopia’s Transitional Justice Policy Risks Repeating Turkey’s Mistake,https://www.thereporterethiopia.com/50692/
A Region Under Redemption: The 2026 Somali Region Election,https://www.thereporterethiopia.com/50686/
"Forty Springs, One City in Transition",https://www.thereporterethiopia.com/51043/
Business as a Path Out of Displacement,https://www.thereporterethiopia.com/50895/
Big Bet on Natural Gas Venture Promises to Pay Off,https://www.thereporterethiopia.com/51077/
"Ethiopia Heads to Seventh Election amid Unsettled Debates over Security, Fairness",https://www.thereporterethiopia.com/50930/
The Price of Cheap Labor: Inside Ethiopia’s Chinese Industrial Boom,https://www.thereporterethiopia.com/50816/
"New Framework Agreement, Familiar Security Arrangements: US Signals Return to Diplomacy with Ethiopia",https://www.thereporterethiopia.com/50714/
Rawuda Ali laments Ethiopia U-17 Women’s absence from CECAFA Championship,https://www.thereporterethiopia.com/51036/
Saint George’s four new signings set to miss remainder of season,https://www.thereporterethiopia.com/51033/
Sahle names 23-man Ethiopia squad for Malawi friendlies,https://www.thereporterethiopia.com/50939/
Ethiopian Cup: Insurance coach Haile slams Kassaye after touchline outburst in cup exit,https://www.thereporterethiopia.com/50936/
Top Newspaper In Ethiopia,https://www.thereporterethiopia.com/interview/
